"","1","2","3","4","5","6","7","8"
"Name","Gender","Email","Phone","Address","Nationality","DOB","Education Background","Mode Of Contact"
"Yasir Hobbs 3","female","comacyg@yahoo.com","7259889","569 First Avenue","Nepal","21/01/2017","BSC","phone"
"Yasir Hobbs 4","female","comacyg@yahoo.com","7259889","569 First Avenue","Nepal","21/01/2017","BSC","phone"
"Yasir Hobbs 15","female","comacyg@yahoo.com","7259889","569 First Avenue","Nepal","21/01/2017","BSC","phone"
"Stacey Vang","female","fucivocoxa@yahoo.com","5097808","96 Hague Boulevard","Debitis ame","12/01/2017","Quae nulla","none"
"Stacey Vang 123213","female","fucivocoxa@yahoo.com","5097808","96 Hague Boulevard","Debitis ame","12/01/2017","Quae nulla","none"
"Stacey Vang 123232","female","fucivocoxa@yahoo.com","5097808","96 Hague Boulevard","Debitis ame","12/01/2017","Quae nulla","none"
"Stacey Vang dsffdsf","female","fucivocoxa@yahoo.com","5097808","96 Hague Boulevard","Debitis ame","12/01/2017","Quae nulla","none"
"Rosalyn Padilla","female","voxemobi@hotmail.com","9125911","105 West Hague Boulevard","Quia atque vel sunt eum optio nostrud totam sit praesentium nobis fugit dolor","12/01/2017","Neque accusantium corporis tempor id voluptatem","phone"
"Thomas Langley","female","rusomyg@yahoo.com","3380744","62 South Nobel Lane","Non doloremque a nihil sit odit","12/01/2017","Quo dicta consequat Eius eum sint accusantium in officia laborum Et modi laudantium officia","email"
"Thomas Langley","female","rusomyg@yahoo.com","3380744","62 South Nobel Lane","Non doloremque a nihil sit odit","12/01/2017","Quo dicta consequat Eius eum sint accusantium in officia laborum Et modi laudantium officia","email"
"Thomas Langley","female","rusomyg@yahoo.com","3380744","62 South Nobel Lane","Non doloremque a nihil sit odit","12/01/2017","Quo dicta consequat Eius eum sint accusantium in officia laborum Et modi laudantium officia","email"
"Thomas Langley","female","rusomyg@yahoo.com","3380744","62 South Nobel Lane","Non doloremque a nihil sit odit","12/01/2017","Quo dicta consequat Eius eum sint accusantium in officia laborum Et modi laudantium officia","email"
"Thomas Langley","female","rusomyg@yahoo.com","3380744","62 South Nobel Lane","Non doloremque a nihil sit odit","12/01/2017","Quo dicta consequat Eius eum sint accusantium in officia laborum Et modi laudantium officia","email"
"Thomas Langley","female","rusomyg@yahoo.com","3380744","62 South Nobel Lane","Non doloremque a nihil sit odit","12/01/2017","Quo dicta consequat Eius eum sint accusantium in officia laborum Et modi laudantium officia","email"
"Thomas Langley","female","rusomyg@yahoo.com","3380744","62 South Nobel Lane","Non doloremque a nihil sit odit","12/01/2017","Quo dicta consequat Eius eum sint accusantium in officia laborum Et modi laudantium officia","email"
"Thomas Langley","female","rusomyg@yahoo.com","3380744","62 South Nobel Lane","Non doloremque a nihil sit odit","12/01/2017","Quo dicta consequat Eius eum sint accusantium in officia laborum Et modi laudantium officia","email"
"Thomas Langley","female","rusomyg@yahoo.com","3380744","62 South Nobel Lane","Non doloremque a nihil sit odit","12/01/2017","Quo dicta consequat Eius eum sint accusantium in officia laborum Et modi laudantium officia","email"
"Thomas Langley","female","rusomyg@yahoo.com","3380744","62 South Nobel Lane","Non doloremque a nihil sit odit","12/01/2017","Quo dicta consequat Eius eum sint accusantium in officia laborum Et modi laudantium officia","email"
"Thomas Langley","female","rusomyg@yahoo.com","3380744","62 South Nobel Lane","Non doloremque a nihil sit odit","12/01/2017","Quo dicta consequat Eius eum sint accusantium in officia laborum Et modi laudantium officia","email"
"Thomas Langley","female","rusomyg@yahoo.com","3380744","62 South Nobel Lane","Non doloremque a nihil sit odit","12/01/2017","Quo dicta consequat Eius eum sint accusantium in officia laborum Et modi laudantium officia","email"
"Thomas Langley","female","rusomyg@yahoo.com","3380744","62 South Nobel Lane","Non doloremque a nihil sit odit","12/01/2017","Quo dicta consequat Eius eum sint accusantium in officia laborum Et modi laudantium officia","email"
"Thomas Langley","female","rusomyg@yahoo.com","3380744","62 South Nobel Lane","Non doloremque a nihil sit odit","12/01/2017","Quo dicta consequat Eius eum sint accusantium in officia laborum Et modi laudantium officia","email"
"Thomas Langley","female","rusomyg@yahoo.com","3380744","62 South Nobel Lane","Non doloremque a nihil sit odit","12/01/2017","Quo dicta consequat Eius eum sint accusantium in officia laborum Et modi laudantium officia","email"
"Thomas Langley","female","rusomyg@yahoo.com","3380744","62 South Nobel Lane","Non doloremque a nihil sit odit","12/01/2017","Quo dicta consequat Eius eum sint accusantium in officia laborum Et modi laudantium officia","email"
"Thomas Langley","female","rusomyg@yahoo.com","3380744","62 South Nobel Lane","Non doloremque a nihil sit odit","12/01/2017","Quo dicta consequat Eius eum sint accusantium in officia laborum Et modi laudantium officia","email"
"Thomas Langley","female","rusomyg@yahoo.com","3380744","62 South Nobel Lane","Non doloremque a nihil sit odit","12/01/2017","Quo dicta consequat Eius eum sint accusantium in officia laborum Et modi laudantium officia","email"
"Thomas Langley","female","rusomyg@yahoo.com","3380744","62 South Nobel Lane","Non doloremque a nihil sit odit","12/01/2017","Quo dicta consequat Eius eum sint accusantium in officia laborum Et modi laudantium officia","email"
"Thomas Langley","female","rusomyg@yahoo.com","3380744","62 South Nobel Lane","Non doloremque a nihil sit odit","12/01/2017","Quo dicta consequat Eius eum sint accusantium in officia laborum Et modi laudantium officia","email"
"Thomas Langley","female","rusomyg@yahoo.com","3380744","62 South Nobel Lane","Non doloremque a nihil sit odit","12/01/2017","Quo dicta consequat Eius eum sint accusantium in officia laborum Et modi laudantium officia","email"
"Thomas Langley","female","rusomyg@yahoo.com","3380744","62 South Nobel Lane","Non doloremque a nihil sit odit","12/01/2017","Quo dicta consequat Eius eum sint accusantium in officia laborum Et modi laudantium officia","email"
"Thomas Langley","female","rusomyg@yahoo.com","3380744","62 South Nobel Lane","Non doloremque a nihil sit odit","12/01/2017","Quo dicta consequat Eius eum sint accusantium in officia laborum Et modi laudantium officia","email"
"Thomas Langley","female","rusomyg@yahoo.com","3380744","62 South Nobel Lane","Non doloremque a nihil sit odit","12/01/2017","Quo dicta consequat Eius eum sint accusantium in officia laborum Et modi laudantium officia","email"
"Thomas Langley","female","rusomyg@yahoo.com","3380744","62 South Nobel Lane","Non doloremque a nihil sit odit","12/01/2017","Quo dicta consequat Eius eum sint accusantium in officia laborum Et modi laudantium officia","email"
"Thomas Langley","female","rusomyg@yahoo.com","3380744","62 South Nobel Lane","Non doloremque a nihil sit odit","12/01/2017","Quo dicta consequat Eius eum sint accusantium in officia laborum Et modi laudantium officia","email"
"Thomas Langley","female","rusomyg@yahoo.com","3380744","62 South Nobel Lane","Non doloremque a nihil sit odit","12/01/2017","Quo dicta consequat Eius eum sint accusantium in officia laborum Et modi laudantium officia","email"
"Thomas Langley","female","rusomyg@yahoo.com","3380744","62 South Nobel Lane","Non doloremque a nihil sit odit","12/01/2017","Quo dicta consequat Eius eum sint accusantium in officia laborum Et modi laudantium officia","email"
"Thomas Langley","female","rusomyg@yahoo.com","3380744","62 South Nobel Lane","Non doloremque a nihil sit odit","12/01/2017","Quo dicta consequat Eius eum sint accusantium in officia laborum Et modi laudantium officia","email"
"Thomas Langley","female","rusomyg@yahoo.com","3380744","62 South Nobel Lane","Non doloremque a nihil sit odit","12/01/2017","Quo dicta consequat Eius eum sint accusantium in officia laborum Et modi laudantium officia","email"
"Thomas Langley","female","rusomyg@yahoo.com","3380744","62 South Nobel Lane","Non doloremque a nihil sit odit","12/01/2017","Quo dicta consequat Eius eum sint accusantium in officia laborum Et modi laudantium officia","email"
"Thomas Langley","female","rusomyg@yahoo.com","3380744","62 South Nobel Lane","Non doloremque a nihil sit odit","12/01/2017","Quo dicta consequat Eius eum sint accusantium in officia laborum Et modi laudantium officia","email"
"Thomas Langley","female","rusomyg@yahoo.com","3380744","62 South Nobel Lane","Non doloremque a nihil sit odit","12/01/2017","Quo dicta consequat Eius eum sint accusantium in officia laborum Et modi laudantium officia","email"
